.id,Estimate,Est.Error,l-95% CI,u-95% CI,Eff.Sample,Rhat
id_pair,0.4836402729250782,0.050395793918299986,0.3833131183268207,0.5829785770461818,1209.363696784925,1.0004231622403728
network_id,1.4676224865460612,0.12729609203386683,1.2396944629705644,1.7263697950186756,779.7966614939154,1.0008797210937157
species_1,0.48340771613643485,0.056289014728492265,0.37586103829392603,0.5998649785467032,1150.7650266135724,1.0023853351179972
species_2,0.22256385924009287,0.04771997058692617,0.12526134551265639,0.3121981814869018,1131.9435140629653,1.0012451207062065
subtype,1.7542145754370246,0.790245011900563,0.7050038753853242,3.743694989840786,4e3,1.0005881993189745
