.id,Estimate,Est.Error,l-95% CI,u-95% CI,Eff.Sample,Rhat
id_pair,0.4861547002708587,0.051480888641096026,0.3809264623366484,0.585217054383765,908.6915679476024,1.002804324564247
network_id,1.4706174776036423,0.12547955012862302,1.251525046508742,1.73836568493056,704.6134517101913,1.001573456658338
species_1,0.48494047349962227,0.05636883503143693,0.37526378883208117,0.6002033484953586,1146.4212887172562,0.9993897216809384
species_2,0.21901818714856328,0.05083868327050808,0.1086567340832803,0.3102999782530287,655.5835727370918,1.0058112775496177
subtype,1.7394270320935348,0.7853223444201212,0.6994151839983976,3.7156404847415665,1826.1160731895377,1.001934150126638
